time_s,ECG1,ECG2,NIBP
0.0,0.013483752476147462,-0.008966204166223917,84.7871125750936
0.01,0.07493429654777033,-0.041286242439821756,84.97783628354082
0.02,0.033819903751648554,-0.006046974902802177,85.10138200561191
0.03,0.07847101850872704,-0.025647514242919577,84.86587297291392
0.04,0.044872159879638274,0.009591753294100005,84.33848717182299
0.05,0.10168075637750545,-0.039618111432152193,83.85588669498283
0.06,0.06741876238073731,0.0294008090101761,83.46362902740715
0.07,0.1324060284133169,-0.01876647383628262,83.16016984757006
0.08,0.08421819169528169,0.033988169281267404,82.91385056419084
0.09,0.1439003747864262,-0.003127745639380436,82.79030484211977
0.1,0.1277640808395612,0.03628184941681306,82.81269750424515
0.11,0.16600488704240565,-0.002502196511504349,82.79030484211977
0.12,0.15848935287537264,0.04545656995899567,82.70073419361823
0.13,0.23032901770730582,0.022936801355456532,82.9586358884416
0.14,0.22922379209450686,0.09362385280545439,84.14776346337575
0.15,0.28846388494053177,0.053588708621384804,86.91904844158267
0.16,0.28846388494053177,0.09654308206887613,91.430011618703
0.17,0.368924309552297,0.09007907441415657,97.57872777402808
0.18,0.36317713636574234,0.14616997954704572,103.89500281491206
0.19,0.4206488682312889,0.10113044233996743,109.06770776587561
0.2,0.3910288218082764,0.13928893914040877,112.17565483672622
0.21,0.359198324159666,0.05192057761371524,113.90375062419545
0.22,0.24491799579625226,0.04149475881578045,114.3075907032153
0.23,0.22237139329515324,0.006672524030678264,113.80259756424977
0.24,0.14102678819314887,0.014804662693067398,112.64667290212222
0.25,0.10919629054453847,-0.05171206123775655,110.94174193754131
0.26,0.03956707693820321,-0.021685703099704357,109.24762122364162
0.27,0.049956197698513546,-0.08653429602285874,107.78900954243993
0.28,0.0035367219609567114,-0.037324431296606536,106.67787020456315
0.29,0.02630436958461554,-0.09508346743716525,105.49955288031022
0.3,-0.0075155341670330115,-0.037949980424482624,103.80543216641053
0.31,0.00994703051519075,-0.08882797615840439,101.96537306831438
0.32,-0.020115106152941296,-0.030234874514010884,100.39479807648577
0.33,0.01635733906942479,-0.08528319776710656,99.27284848792777
0.34,-0.011494346373109312,-0.02794119437846523,98.54315656694546
0.35,0.01237852686334849,-0.09174720542182613,98.19568422362053
0.36,-0.02475705372669698,-0.04024366056002828,98.21807688574592
0.37,0.005968218309114451,-0.08424061588731308,98.30764753424745
0.38,-0.01436793296638664,-0.029192292634217402,98.36401526994239
0.39,0.010610165882870134,-0.08757687790265221,98.1285062372444
0.4,-0.013262707353587668,-0.02397938323525001,97.53317028901436
0.41,0.00641030855423404,-0.08987055803819786,96.66989455604269
0.42,-0.02077824152062068,-0.038992562304276106,95.5479449674847
0.43,-0.005084037818875273,-0.11197329388981961,94.91940610644808
0.44,-0.03072527203581143,-0.02981784176209349,95.02055916639377
0.45,0.0006631353676793834,-0.08465764863923048,95.18889021271562
0.46,-0.02475705372669698,-0.03211152189763915,95.57033762961008
0.47,-0.01038912076031034,-0.10092192596400874,95.7834540001827
0.48,-0.049293062330834164,-0.04253734069557393,95.64832586666745
0.49,-0.01834674517246294,-0.09696011482079352,95.3456388475933
0.5,-0.046198430614997045,-0.039618111432152193,95.2444857876476
0.51,-0.02077824152062068,-0.09466643468524787,95.28927111189837
0.52,-0.05548232576250841,-0.04066069331194567,95.64832586666745
0.53,-0.0358093098546867,-0.10842851549852178,95.91780997293499
0.54,-0.04045125742844239,-0.03148597276976306,96.05216594568729
0.55,0.010610165882870134,-0.08528319776710656,95.96259529718576
0.56,0.02917795617789287,-0.013553564437315223,95.83904957511469
0.57,0.03669349034492588,-0.07673402635280004,95.53636255604053
0.58,0.04067230255100218,0.019392022964158703,94.9981665042684
0.59,0.08355505632760231,-0.052963159493508716,94.15651127265916
0.6,0.010610165882870134,0.016472793700736964,93.27007071679915
0.61,0.027409595197414514,-0.03607333304085436,92.77588782851483
0.62,-0.016136293946864996,-0.01417911356519131,92.42841548518992
0.63,-0.053271874536910464,-0.10613483536297613,92.08017098110206
0.64,-0.09151268073975491,-0.044205471703243494,91.6987235642076
0.65,-0.06255576968442184,-0.11134774476194352,91.28407323450654
0.66,-0.07824997338616724,-0.04649915183878915,90.7566874334156
0.67,-0.05901904772346512,-0.10676038449085222,90.25169429445008
0.68,-0.08333401120504251,-0.044205471703243494,89.84785421543023
0.69,-0.07360802581241156,-0.11885433429645657,89.56755985848146
0.7,-0.12334317838836531,-0.04712470096666524,89.28649334076975
0.71,-0.21286645302508206,-0.1426252011557479,89.1073520437667
0.72,0.07029234897401464,0.09237275454970222,89.29807575221392
0.73,1.1956330679259282,0.04608211908687176,89.48879946066116
0.74,0.740943250820431,-0.01814092470840653,89.07337697019715
0.75,-0.18611999319534694,-0.2514707494061871,88.44561026992346
0.76,-0.20225628714221194,-0.09633456569291743,88.00779511733407
0.77,-0.05548232576250841,-0.0986282458284631,87.69352568681576
0.78,-0.0400091671833228,-0.026273063370795664,87.52519464049392
0.79,-0.02475705372669698,-0.09696011482079352,87.48040931624315
0.8,-0.02431496348157739,-0.007715105910471742,87.413231329867
0.81,-0.006189263431674245,-0.0882024270305283,87.233317872101
0.82,-0.022546602501099036,-0.012928015309439137,86.81866754239992
0.83,0.00884180490239178,-0.07610847722492395,86.50439811188161
0.84,-0.011494346373109312,-0.008340655038347829,86.31367440343439
0.85,0.008178669534712395,-0.07673402635280004,86.10055803286177
0.86,-0.006852398799353628,0.0037532947672565234,85.98782256147192
0.87,0.024978098849256773,-0.05629942150884785,85.67355313095361
0.88,0.011715391495669107,-0.007089556782595655,85.25890280125253
0.89,0.04420902451195889,-0.06443156017123698,84.86587297291392
0.9,0.03890394157052383,0.028775259882300012,84.56318595383976
0.91,0.06498726603257958,-0.03836701317640002,84.43964023176869
0.92,0.06741876238073731,0.0392010786802348,84.49600796746361
0.93,0.09924926002934771,-0.02106015397182827,84.61878152877175
0.94,0.12069063691764778,0.062346396411650025,85.01181135711037
0.95,0.14456351015410557,-0.000834065503834783,86.26888907918362
0.96,0.18103595537647166,0.09883676220442178,89.35444348790885
0.97,0.21065600179948413,0.03169448914572175,94.23449950971653
0.98,0.23784455187433884,0.12073098168008484,100.28283476585885
0.99,0.262380560478476,0.0392010786802348,106.44236117186514
1.0,0.2831588019990967,0.13407602974144137,111.55869838713376
1.01,0.28846388494053177,0.037324431296606536,115.04809287487883
1.02,0.262380560478476,0.102798573347637,116.8549490601684
1.03,0.1960670237105377,0.0020851637595869573,117.4379304361913
1.04,0.1195854113048488,0.044413988079202195,116.8549490601684
1.05,0.05349291965947026,-0.06276342916356742,115.59787133809515
1.06,0.005305082941435067,0.007923622286430438,114.01571393482237
1.07,-0.03536721960956712,-0.0882024270305283,112.42274628086838
1.08,-0.05216664892411149,-0.00938323691814131,111.03131258604284
1.09,-0.057250686742986764,-0.102798573347637,109.61748622909191
1.1,-0.0718396648319332,-0.019392022964158703,108.31639534353086
1.11,-0.06255576968442184,-0.09341533642949569,107.02611470865101
1.12,-0.05680859649786718,-0.006046974902802177,105.64549126450669
1.13,-0.07714474777336827,-0.10446670435530657,104.38918570319639
1.14,-0.07117652946425382,-0.01876647383628262,103.43556716096023
1.15,-0.06078740870394348,-0.09237275454970222,102.84100337349315
1.16,-0.07360802581241156,-0.01876647383628262,102.2572498367073
1.17,-0.061892634316742454,-0.09112165629395004,102.06652612826008
1.18,-0.058576957478345536,-0.002502196511504349,102.11131145251085
1.19,-0.06476622091001978,-0.0927897873016196,102.01015839256515
1.2,-0.05901904772346512,-0.012928015309439137,101.49435500291838
1.21,-0.06078740870394348,-0.08236396850368481,100.585521784933
1.22,-0.04045125742844239,0.011885433429645657,99.36241913642931
1.23,-0.07007130385145485,-0.10842851549852178,98.38640793206777
1.24,-0.06476622091001978,-0.016472793700736964,97.66829842252962
1.25,-0.0800183343666456,-0.09049610716607395,97.1517228721199
1.26,-0.07360802581241156,0.0020851637595869573,96.71467988029346
1.27,-0.05260873916923108,-0.07318924796150221,96.55715908465284
1.28,-0.06255576968442184,0.004378843895132611,96.50156350972085
1.29,-0.058576957478345536,-0.07548292809704786,96.43361336258175
1.3,-0.05968218309114451,0.021685703099704357,96.45677818547009
1.31,-0.08642864292087964,-0.10550928623510004,96.41122070045637
1.32,-0.08289192095992293,-0.014596146317108701,96.50156350972085
1.33,-0.09328104172023327,-0.09633456569291743,96.75946520454423
1.34,-0.07935519899896622,-0.015847244572860877,97.4883849647636
1.35,-0.09084954537207553,-0.08945352528628048,98.09453116367484
1.36,-0.08576550755320025,0.021685703099704357,98.0605560901053
1.37,-0.0358093098546867,-0.05108651210988046,97.7694514824753
1.38,-0.08974431975927655,-0.026273063370795664,97.49996737620776
1.39,-0.0879759587787982,-0.10550928623510004,97.18569794568945
1.4,-0.08222878559224354,-0.02397938323525001,96.86061826448993
1.41,-0.0800183343666456,-0.11593510503303484,96.38882803833098
1.42,-0.02718855007485472,0.02752416162654784,95.85063198655884
1.43,-0.005747173186554656,-0.05817606889247611,95.26687844977299
1.44,0.0030946317158371227,0.05254612674159133,94.73949264868206
1.45,-0.002873586593277328,-0.041286242439821756,94.23449950971653
1.46,0.00884180490239178,0.04253734069557393,93.75267119363932
1.47,-0.057913822110666154,-0.05588238875693046,93.29246337892454
1.48,-0.029399001300452664,0.04086920968790437,92.73110250426407
1.49,-0.06321890505210122,-0.07318924796150221,92.21529911461731
1.5,-0.12400631375604469,-0.04316288982345002,91.94581500834977
1.51,-0.12113272716276736,-0.0686018876904109,91.60915291570606
1.52,-0.12864826132980037,-0.01417911356519131,91.430011618703
1.53,-0.15716308214001387,-0.1223991126877544,91.09334952605931
1.54,-0.127985125962121,-0.017515375580530443,90.70031969772069
1.55,-0.14036365282546948,-0.0986282458284631,90.43083559145315
1.56,-0.11118569664757662,0.008966204166223917,90.25169429445008
1.57,-0.21795049084395735,-0.15471915096135225,90.17293389662976
1.58,-0.21330854327020166,-0.011885433429645657,90.21771922088053
1.59,0.1717520602289603,0.06589117480294786,90.1057559102536
1.6,1.177728412998585,0.13407602974144137,89.92661461325054
1.61,0.31808393136354424,-0.16931529727846095,89.7582835669287
1.62,-0.34571457168351855,-0.16055760948819572,89.63473784485761
1.63,-0.25287562020840487,-0.1328249314856892,89.421621474285
1.64,-0.09217581610743429,0.0027107128874630446,89.09576963232253
1.65,-0.10720688444150031,-0.098002696700587,88.78150020180422
1.66,-0.10543852346102196,-0.0037532947672565234,88.59077649335698
1.67,-0.10897524542197867,-0.08653429602285874,88.36684987210316
1.68,-0.09151268073975491,0.008549171414306526,88.11975842796099
1.69,-0.11074360640245703,-0.0927897873016196,87.92903471951377
1.7,-0.06940816848377546,0.019392022964158703,87.69352568681576
1.71,-0.09504940270071162,-0.07777660823259351,87.37925625629745
1.72,-0.049735152575953755,0.006255491278760872,87.05417657509793
1.73,-0.09151268073975491,-0.09925379495633918,86.67272915820347
1.74,-0.05548232576250841,0.033988169281267404,86.12295069498715
1.75,-0.057913822110666154,-0.08715984515073483,85.57317223177085
1.76,-0.0400091671833228,0.016055760948819574,85.09057175493069
1.77,-0.042219618408920745,-0.1374122917567805,84.79869498653777
1.78,-0.036914535467485673,0.0027107128874630446,84.40566515819914
1.79,-0.019009880540142323,-0.0882024270305283,84.40566515819914
1.8,0.020999286643180473,0.06985298594616307,84.7871125750936
1.81,0.03558826473212691,0.03565630028893697,85.61795755602162
1.82,0.07095548434169402,0.11968839980029136,87.46882690479899
1.83,0.1120698771378158,0.07965325561622177,91.17133776311668
1.84,0.10344911735798382,0.08778539427861091,96.38882803833098
1.85,0.10278598199030442,0.06464007654719568,102.53754419365606
1.86,0.21529794937323982,0.16305980599970007,108.03532882581914
1.87,0.1956249334654181,0.13595267712506962,112.14245192391962
1.88,0.1956249334654181,0.17411117392551095,114.59946747160824
1.89,0.10919629054453847,0.020643121219910878,115.86735544436269
1.9,0.10278598199030442,0.11447549040132396,115.946115842183
1.91,-0.07581847703800951,-0.08590874689498265,115.0928781991296
1.92,-0.127985125962121,-0.05817606889247611,113.34238974953499
1.93,-0.23253946893290378,-0.22248697314792837,110.97494485034791
1.94,-0.2771905836899823,-0.15471915096135225,108.77583099748269
1.95,-0.3919130022985156,-0.31986412072063924,106.95816456151191
1.96,-0.40650198038746205,-0.29671880298922404,105.80301206014731
1.97,-0.46795252445908486,-0.39805776170515017,104.47875635169791
1.98,-0.487183450121787,-0.29254847547005014,102.80702829992362
1.99,-0.5550443027476439,-0.49752007303744805,101.39320194297268
2.0,-0.6268839675795771,-0.4610297072446763,100.42800098929237
2.01,-0.7208281446674898,-0.6105359488070612,99.5979281691273
2.02,-0.7347539873887569,-0.5971909007457046,98.99178197021607
2.03,-0.7778577862879167,-0.7402331346533699,98.58794189119622
2.04,-0.7389538447173929,-0.5542365272982133,98.38640793206777
2.05,-0.8160985924907612,-0.7181303988017481,98.20649447430176
2.06,-0.8300244352120282,-0.6261746770039633,98.08294875223068
2.07,-0.8229509912901148,-0.7262625374641373,98.07213850154946
2.08,-0.8132250058974838,-0.6313875864029307,97.8250470574073
2.09,-0.8689283767825521,-0.7656721325203307,97.17411553424529
2.1,-0.863623293841117,-0.6655842720601568,96.42280311190054
2.11,-0.9336945976925718,-0.781310860717233,95.69311119091822
2.12,-0.8886013926903737,-0.7829789917249025,95.22209312552222
2.13,-0.9089375439658749,-0.7487823060676764,94.94179876857346
2.14,-0.9164530781329079,-0.7298073158554351,94.75107506012623
2.15,-0.950715072129676,-0.8328144055790307,94.72868239800084
2.16,-0.8961169268574067,-0.7077045800038133,94.90782369500391
2.17,-0.959335831909508,-0.8311462745713613,95.211282874841
2.18,-0.9054008220049181,-0.7018661214769699,95.61512295386085
2.19,-1.0068605332598637,-0.8693047713718025,96.08614101925684
2.2,-0.9750300356112533,-0.7650465833924547,96.66989455604269
2.21,-1.0254283235548864,-0.875143229898646,97.07373463506254
2.22,-0.9871875173520421,-0.7692169109116286,97.49996737620776
2.23,-1.0386910309084743,-0.89370118735897,97.83662946885146
2.24,-1.0061973978921843,-0.7783916314538112,98.08294875223068
2.25,-1.063669129757731,-0.8738921316428938,98.09453116367484
2.26,-0.9790088478173297,-0.7633784523847851,97.92620011735299
2.27,-1.046427610198067,-0.8588789525738678,97.74705882034993
2.28,-0.9569043355613502,-0.7112493583951112,97.49996737620776
2.29,-0.9686197270570194,-0.8444913226327178,97.10693754786914
2.3,-0.8868330317098954,-0.6805974511291829,96.82664319092038
2.31,-0.9100427695786738,-0.7500334043234286,96.55715908465284
2.32,-0.8364347437662623,-0.702491670604846,96.27686472770407
2.33,-0.863623293841117,-0.7448204949244612,95.98498795931114
2.34,-0.8172038181035601,-0.549649167027122,95.7155038530436
2.35,-0.8868330317098954,-0.695610630198209,95.33405643614914
2.36,-0.8368768340113818,-0.609910399679185,94.75107506012623
2.37,-0.9389996806340069,-0.7754724021903895,93.99899047701852
2.38,-0.8890434829354934,-0.6307620372750546,93.31485604104992
2.39,-0.9703880880374978,-0.7535781827147264,92.63072160508132
2.4,-0.8596444816350407,-0.6144977599502763,91.94581500834977
2.41,-0.9140215817847501,-0.748365273315759,91.3288585587573
2.42,-0.8346663827857839,-0.5994845808812502,90.81305516911054
2.43,-0.9036324610244397,-0.7321009959909808,90.27408695657546
2.44,-0.8461607291588932,-0.5769648122777111,89.64554809553883
2.45,-0.9367892294084089,-0.6666268539399502,88.79308261324839
2.46,-0.5329397904916645,-0.3517671262423197,87.99621270588992
2.47,0.38992359619547745,-0.5154524813698959,87.48040931624315
2.48,-0.29222165202404826,-0.5948972206101589,87.06498682577914
2.49,-0.9893979685776401,-0.8357336348424526,86.526790774007
2.5,-0.877549136562384,-0.5665389934797763,86.04419029716685
2.51,-0.8375399693790613,-0.6753845417302156,85.46043676038099
2.52,-0.7429326569234692,-0.4952263929019024,84.96702603285961
2.53,-0.7957624412152601,-0.635974946674022,84.70912433803623
2.54,-0.7179545580742124,-0.535261537085972,84.5516035423956
2.55,-0.8026148400146137,-0.6053230394080937,84.48442555601946
2.56,-0.7082285726815815,-0.48188134484054584,84.518400629589
2.57,-0.7393959349625125,-0.6030293592725481,84.61878152877175
2.58,-0.679713751871368,-0.4743747553060328,84.66433901378547
2.59,-0.7440378825362681,-0.5942716714822829,84.56318595383976
2.6,-0.6432413066490019,-0.4176583010452676,84.36087983394837
2.61,-0.7267963629766042,-0.5538194945462959,84.19254878762652
2.62,-0.6014637784852007,-0.4049388021117871,83.93464709280315
2.63,-0.6750718042976123,-0.5410999956128154,83.59798500015945
2.64,-0.5879800260090533,-0.3863808446514632,83.29529798108531
2.65,-0.6450096676294803,-0.5183717106333177,83.13777718544468
2.66,-0.5358133770849418,-0.34009020918863275,83.04820653694314
2.67,-0.582895988190178,-0.47333217342623934,83.11538452331929
2.68,-0.47679432936147664,-0.32215780085618495,83.36247596746145
2.69,-0.5103931879905654,-0.42057753030868933,84.57399620452098
2.7,-0.3722399863906939,-0.24229602886400445,87.14374722359946
2.71,-0.38572373886684136,-0.33133252139836755,91.23928791025577
2.72,-0.17285728584175927,-0.08424061588731308,96.07455860781268
2.73,-0.14721605162482312,-0.14158261927595442,100.79863815550561
2.74,0.010610165882870134,0.05421425774926089,104.90498909284314
2.75,-0.034040948874208346,-0.05984419990014568,108.15887454789022
2.76,0.0360303549772465,0.08549171414306525,110.391963474325
2.77,-0.10720688444150031,-0.09341533642949569,111.76100450702516
2.78,-0.053271874536910464,0.04608211908687176,111.97412087759777
2.79,-0.18656208344046654,-0.1263609238309696,111.53630572500838
2.8,-0.12113272716276736,0.022936801355456532,110.61589009557883
2.81,-0.2243607993981914,-0.13678674262890442,109.47154784489545
2.82,-0.14191096868338804,0.017098342828613052,108.45075131628315
2.83,-0.23187633356522439,-0.14908920881046744,107.38516946342008
2.84,-0.14655291625714373,-0.012302466181563049,106.31881544979407
2.85,-0.22966588233962645,-0.13678674262890442,105.07332013916499
2.86,-0.12046959179508798,0.01376208081327392,103.90658522635623
2.87,-0.22612916037866973,-0.17974111607639573,102.76224297567285
2.88,-0.10787001980917969,0.013136531685397832,101.66268604924024
2.89,-0.18147804562159126,-0.12177356355987831,100.69748509555991
2.9,-0.08399714657272189,0.016055760948819574,99.86741227539484
2.91,-0.15075277358577982,-0.11364142489748918,99.29524115005316
2.92,-0.04752470135035581,0.033362620153391316,98.9469966459653
2.93,-0.12334317838836531,-0.10446670435530657,98.38640793206777
2.94,-0.02829377568765369,0.03565630028893697,97.72466615822455
2.95,-0.11472241860853333,-0.11030516288215005,96.77027545522544
2.96,-0.01436793296638664,0.03857552955235871,95.7155038530436
2.97,-0.09084954537207553,-0.0927897873016196,94.6391117494993
2.98,0.0035367219609567114,0.04378843895132611,93.76348144432053
2.99,-0.08930222951415696,-0.10842851549852178,93.22528539254839
3.0,0.013483752476147462,0.052963159493508716,93.1573352454093
3.01,-0.049293062330834164,-0.057550519764600024,93.21370298110422
3.02,0.09173372586231471,0.10571780261105874,93.37122377674486
3.03,-0.013704797598707257,-0.029192292634217402,93.63993572224945
3.04,0.08952327463671676,0.12031394892816745,94.03296555058807
3.05,0.02033615127550109,-0.03607333304085436,94.38043789391298
3.06,0.10676479419638073,0.11906285067241527,94.67231466230592
3.07,0.013483752476147462,-0.010634335173893483,94.9302163571293
3.08,0.12489049424628387,0.1278205384626805,95.2444857876476
3.09,0.04708261110523622,-0.017098342828613052,95.39042417184407
3.1,0.1805938651313521,0.15096585619409572,95.41281683396946
3.11,0.10853315517685909,0.024187899611208707,95.3456388475933
3.12,0.22524497988843056,0.16764716627079138,95.19970046339684
3.13,0.1388163369675509,0.060052716276104375,94.91940610644808
3.14,0.24138127383529556,0.18391144359556966,94.560351351679
3.15,0.13461647963891482,0.05025244660604567,94.10014353696423
3.16,0.20601405422572844,0.1955883606492566,93.44921201380222
3.17,0.10742792956406011,0.04086920968790437,92.74268491570822
3.18,0.15318426993393758,0.13345048061356526,92.03538565685129
3.19,0.0360303549772465,0.0027107128874630446,91.39603654513346
3.2,0.14677396137970353,0.14054003739616094,90.66711678491409
3.21,0.03956707693820321,-0.012302466181563049,90.363657605077
3.22,0.19916165542637482,0.17994963245235443,90.21771922088053
3.23,0.11428032836341374,0.05817606889247611,89.9713999375013
3.24,0.20955077618668516,0.19141803313008268,89.52200237346776
3.25,0.11096465152501682,0.053588708621384804,88.91662833531946
3.26,0.07095548434169402,0.15325953632964137,88.27727922360162
3.27,0.16202607483632933,0.17869853419660225,87.92903471951377
3.28,1.177728412998585,0.3432179548280132,87.87266698381883
3.29,1.1114148762306466,0.06755930581061742,87.89583180670716
3.3,0.2442548604285729,-0.02981784176209349,87.68194327537161
3.31,-0.026525414707175336,-0.01876647383628262,87.45801665411777
3.32,0.1642365260619273,0.181617763460024,87.28968560779592
3.33,0.15738412726257367,0.057759036140558724,86.97541617727761
3.34,0.2670225080522317,0.19829907353671966,86.65033649607808
3.35,0.17418355657711804,0.07673402635280004,86.4480303761867
3.36,0.2842640276118957,0.19788204078480226,86.33606706555977
3.37,0.17882550415087373,0.07277221520958481,86.24572425629529
3.38,0.28492716297957504,0.20768231045486096,86.14534335711254
3.39,0.1881093992983851,0.07110408420191525,85.88666950152621
3.4,0.2906743361661297,0.21518889998937402,85.55077956964547
3.41,0.1967301590782171,0.08424061588731308,85.20253506555761
3.42,0.30570540450019573,0.20768231045486096,84.91065829716469
3.43,0.20888764081900577,0.09362385280545439,84.70912433803623
3.44,0.3289151423689742,0.22853394805073055,84.46203289389408
3.45,0.2356341006487409,0.09529198381312395,84.12537080125038
3.46,0.3545563765859103,0.24292157799188055,83.82268378217623
3.47,0.2595069738851987,0.11322439214557178,83.50841435165792
3.48,0.38528164862172176,0.26794354310692403,83.28371556964115
3.49,0.29487419349476585,0.1422081684038305,83.38486862958683
3.5,0.43280634997207756,0.27649271452123053,83.77789845792546
3.51,0.3552195119535897,0.16952381365441965,84.63036394021591
3.52,0.48629926963154785,0.3188215388408458,86.58238634893898
3.53,0.4038494389167445,0.19204358225795878,90.30806203014501
3.54,0.536697557575181,0.3338347179098719,95.3456388475933
3.55,0.44629010244822503,0.2047630811914392,100.6866748448787
3.56,0.5581389344634811,0.31715340783317625,105.19686586123608
3.57,0.44164815487446935,0.18453699272344573,108.45075131628315
3.58,0.4949200294113798,0.29275699184600884,110.50392678495191
3.59,0.3227258789372999,0.12198207993583701,111.6150661228287
3.6,0.3684822193071774,0.20935044146253054,111.91775314190284
3.61,0.21706631035371818,0.07110408420191525,111.50233065143884
3.62,0.28603238859237406,0.1809922143321479,110.4251663871316
3.63,0.160257713855851,0.05421425774926089,109.12407550157054
3.64,0.26171742511079665,0.17056639553421313,107.92336551519223
3.65,0.13815320159987154,0.04378843895132611,106.41996850973976
3.66,0.23320260430058315,0.15617876559306312,104.81541844434162
3.67,0.1324060284133169,0.035030751161060886,103.41317449883485
3.68,0.2391708226096976,0.16076612586415442,102.16767918820577
3.69,0.12312213326580553,0.050669479357963065,100.96696920182745
3.7,0.24668635677673062,0.17223452654188268,99.84501961326946
3.71,0.13527961500659422,0.0392010786802348,98.85742599746376
3.72,0.2356341006487409,0.16076612586415442,98.161709150051
3.73,0.1282061710846808,0.04775025009454133,97.455182051957
3.74,0.23850768724201823,0.16472793700736962,96.89382117729653
3.75,0.12710094547188183,0.04775025009454133,96.27686472770407
3.76,0.2356341006487409,0.1659790352631218,95.61512295386085
3.77,0.1317428930456375,0.04378843895132611,94.86303837075315
3.78,0.2285606567268275,0.17223452654188268,94.13411861053378
3.79,0.1195854113048488,0.04733321734262393,93.48318708737176
3.8,0.22237139329515324,0.1572213474728566,92.96661153696206
3.81,0.12312213326580553,0.0392010786802348,92.36123749881376
3.82,0.20667718959340783,0.15555321646518702,92.4508081473153
3.83,0.10344911735798382,0.0294008090101761,93.41600910099562
3.84,0.2084455505738862,0.15388508545751745,94.18971418546576
3.85,0.09350208684279306,0.018974990212241312,94.43680562960792
3.86,0.1956249334654181,0.15847244572860877,94.52637627810945
3.87,0.08886013926903738,0.033988169281267404,94.64992200018054
3.88,0.1967301590782171,0.15138288894601312,94.90782369500391
3.89,0.1195854113048488,0.04775025009454133,95.3456388475933
3.9,0.25022307873768734,0.1757793049331805,95.79426425086392
3.91,0.1637944358168077,0.0633889782914435,95.91780997293499
3.92,0.2599490641303183,0.20121830280014139,95.73866867593193
3.93,0.18921462491118407,0.09591753294100004,95.39042417184407
3.94,0.28559029834725447,0.20351198293568704,95.23367553696639
3.95,0.13461647963891482,0.09821121307654569,94.71709998655668
3.96,0.2442548604285729,0.20935044146253054,93.97659781489314
3.97,0.10632270395126114,0.06526562567507177,93.30327362960575
3.98,0.15141590895345922,0.1369952590048631,92.79828049064021
3.99,0.03846185132540424,0.028149710754423924,92.28247710099346
4.0,0.13351125402611586,0.14867217605855007,91.71030597565176
4.01,0.027409595197414514,0.02981784176209349,91.1157421881847
4.02,0.13461647963891482,0.1330334478616479,90.56596372496838
4.03,0.0360303549772465,0.03690739854468915,90.04938817455867
4.04,0.1392584272126705,0.13928893914040877,89.61234518273223
4.05,-0.011494346373109312,0.021685703099704357,89.33127866502052
4.06,0.014588978088946434,0.1376208081327392,89.006198983821
4.07,0.2610542897431173,0.16368535512757615,88.71432221542807
4.08,1.5031068334066024,0.31527676044954794,88.41163519635391
4.09,0.7210491897900495,0.014804662693067398,88.07497310371022
4.1,0.049956197698513546,-0.007089556782595655,87.7498934225107
4.11,-0.07471325142521053,0.010217302421976092,87.51361222904976
4.12,0.15672099189489427,0.17411117392551095,87.3452811827279
4.13,0.09173372586231471,0.07214666608170872,87.46882690479899
4.14,0.1960670237105377,0.18787325473878486,87.40164891842284
4.15,0.09129163561719511,0.08132138662389134,87.04259416365376
4.16,0.1967301590782171,0.18391144359556966,86.58238634893898
4.17,0.11030151615733744,0.09466643468524787,86.11136828354299
4.18,0.20490882861292947,0.1855795746032392,85.86427683940083
4.19,0.10455434297078278,0.08715984515073483,85.80868126446885
4.2,0.2084455505738862,0.1955883606492566,85.67355313095361
4.21,0.11030151615733744,0.10113044233996743,85.38244852332362
4.22,0.2188346713341965,0.20872489233465444,85.01181135711037
4.23,0.1328481186584365,0.10738593361872831,84.68673167591085
4.24,0.24779158238952959,0.22206994039601097,84.14776346337575
4.25,0.16136293946864996,0.12490130919925875,83.62037766228484
4.26,0.2610542897431173,0.21810812925279574,83.10457427263808
4.27,0.17352042120943867,0.1278205384626805,83.10457427263808
4.28,0.28713761420517303,0.24417267624763273,83.31769064321068
4.29,0.22170825792747384,0.14908920881046744,83.87827935710821
4.3,0.33775694727136596,0.26273063370795663,85.13535707918146
4.31,0.27962208003814,0.19141803313008268,87.43562399199239
4.32,0.3956707693820321,0.30151467963627404,91.60915291570606
4.33,0.3348833606780886,0.21873367838067184,97.12933020999452
4.34,0.4520372756347797,0.31652785870530015,102.70587523997791
4.35,0.37422939249373205,0.2256147187873088,107.12649560783376
4.36,0.46065803541461164,0.3048509416516132,110.45914146070115
4.37,0.3313466387171319,0.18683067285899138,112.635862651441
4.38,0.3684822193071774,0.24229602886400445,113.71302691574823
4.39,0.1967301590782171,0.12302466181563049,113.92614328632084
4.4,0.2391708226096976,0.1855795746032392,113.522303207301
4.41,0.09460731245559204,0.09529198381312395,112.62428023999684
4.42,0.1556157662820953,0.17223452654188268,111.35639226724237
4.43,0.03713558059004547,0.05942716714822829,110.04371897023714
4.44,0.12599571985908284,0.16305980599970007,108.69784276042532
4.45,0.03492512936444753,0.06630820755486524,107.08171028358299
4.46,0.12245899789812613,0.15847244572860877,105.57831327813054
4.47,0.018125700049903146,0.053588708621384804,104.31042530537607
4.48,0.12135377228532716,0.1565957983449805,103.39078183670946
4.49,0.02276764762365883,0.06922743681828698,102.6271148421576
4.5,0.12422735887860449,0.15951502760840225,101.87580241981284
4.51,0.024536008604137186,0.06693375668274133,101.31444154515238
4.52,0.12886930645236017,0.16431090425545225,100.92218387757669
4.53,0.02564123421693616,0.06526562567507177,100.43958340073654
4.54,0.13063766743283853,0.16076612586415442,99.96856533534054
4.55,0.034261993996768145,0.07047853507403916,99.34002647430393
4.56,0.13527961500659422,0.1666045843909979,98.65589203833531
4.57,0.03669349034492588,0.06922743681828698,97.99337810372914
4.58,0.13417438939379525,0.15617876559306312,97.23048326994022
4.59,0.02320973786877842,0.05129502848583915,96.48998109827669
4.6,0.1317428930456375,0.1666045843909979,95.7834540001827
4.61,0.028514820810213486,0.06526562567507177,94.96419143069885
4.62,0.12533258449140347,0.15325953632964137,94.49317336530285
4.63,0.02320973786877842,0.052963159493508716,94.13411861053378
4.64,0.12356422351092511,0.14616997954704572,94.18971418546576
4.65,0.028514820810213486,0.06755930581061742,94.51556602742824
4.66,0.1282061710846808,0.16431090425545225,94.95260901925468
4.67,0.024978098849256773,0.0640145274193196,95.37961392116286
4.68,0.12135377228532716,0.15847244572860877,95.65990827811162
4.69,0.01635733906942479,0.05546535600501307,95.83904957511469
4.7,0.11848018569204984,0.1565957983449805,95.88383489936545
4.71,0.02630436958461554,0.07798512460855221,95.86144223724007
4.72,0.11030151615733744,0.15388508545751745,95.67071852879283
4.73,0.018567790295022736,0.06922743681828698,95.53636255604053
4.74,0.12245899789812613,0.15617876559306312,95.35644909827452
4.75,0.02320973786877842,0.05817606889247611,95.1433327277019
4.76,0.1439003747864262,0.16535348613524573,94.72868239800084
4.77,0.07780788314104765,0.0929983036775783,94.11172594840839
4.78,0.20535091885804907,0.1757793049331805,93.42681935167684
4.79,0.09350208684279306,0.11447549040132396,92.79828049064021
4.8,0.21131913716716352,0.19788204078480226,92.30486976311884
4.81,0.10212284662262504,0.10738593361872831,91.94581500834977
4.82,0.16666802241008502,0.2001757209203479,91.49718960507916
4.83,0.08134460510200436,0.11843730154453919,91.1157421881847
4.84,0.1434582845413066,0.16952381365441965,90.70031969772069
4.85,-0.015473158579185613,0.05421425774926089,90.16212364594854
4.86,0.07891310875384662,0.1278205384626805,89.63473784485761
4.87,-0.026525414707175336,0.057133487012682636,89.16294761869868
4.88,0.0877549136562384,0.13532712799719354,88.69192955330269
4.89,-0.03116736228093102,0.04253734069557393,88.42244544703514
4.9,0.08709177828855902,0.1330334478616479,88.18693641433714
4.91,-0.03116736228093102,0.04378843895132611,88.15373350153054
4.92,0.04067230255100218,0.10404967160338918,88.11975842796099
4.93,-0.09725985392630956,0.0738147970893783,87.7498934225107
4.94,0.4252908158050446,0.2985954503728523,87.30049585847713
4.95,1.2842721620724058,0.20309495018376966,86.91904844158267
4.96,0.5081827367649675,0.03690739854468915,86.61636142250853
4.97,-0.19076194076910263,-0.08236396850368481,86.36926997836638
4.98,-0.01790465492734335,0.09466643468524787,86.2233315941699
4.99,-0.003315676838396917,0.046707668214747845,86.06658295929222
5.0,0.12135377228532716,0.13470157886931744,85.76389594021808
5.01,0.0198940610303815,0.06109529815589785,85.52761474675714
5.02,0.13063766743283853,0.1422081684038305,85.41565143613022
5.03,0.030946317158371227,0.06464007654719568,85.32608078762868
5.04,0.14633187113458393,0.1565957983449805,85.10138200561191
5.05,0.04354588914427951,0.08132138662389134,84.94463337073422
5.06,0.14920545772786126,0.15909799485648485,84.69754192659207
5.07,0.05879800260090533,0.07277221520958481,84.14776346337575
5.08,0.15738412726257367,0.16472793700736962,83.62037766228484
5.09,0.061671589194182655,0.09237275454970222,83.32850089389191
5.1,0.1717520602289603,0.1718174937899653,83.25051265683454
5.11,0.08488132706296107,0.10175599146784352,83.25051265683454
5.12,0.19451970785261913,0.17744743594085008,83.11538452331929
5.13,0.10499643321590237,0.1080114827466044,82.8466725778147
5.14,0.23099215307498522,0.18745622198686748,82.63355620724208
5.15,0.14279514917362723,0.12365021094350657,82.565606060103
5.16,0.2791799897930204,0.22394658777963922,83.31769064321068
5.17,0.19496179809773873,0.1526339872017653,85.28129546337792
5.18,0.33311499969761027,0.24584080725530227,89.06256671951593
5.19,0.2588438385175193,0.19892462266459573,94.43680562960792
5.2,0.38815523521499906,0.2787863946567762,100.18168170591315
5.21,0.3006213666813205,0.1972564916569262,105.18528344979191
5.22,0.43059589874647963,0.2858759514393719,108.98894736805529
5.23,0.32493633016289786,0.20935044146253054,111.42434241438147
5.24,0.3934603181564342,0.2575177243089892,112.99491740621008
5.25,0.2124243627799625,0.14158261927595442,113.61187385580253
5.26,0.2610542897431173,0.19204358225795878,113.5555061201076
5.27,0.09637567343607038,0.08715984515073483,112.82658635988822
5.28,0.15274217968881798,0.14450184853937614,111.65985144707946
5.29,0.00994703051519075,0.06067826540398046,110.45914146070115
5.3,0.10278598199030442,0.14095707014807832,109.22522856151623
5.31,-0.013262707353587668,0.05588238875693046,108.00212591301253
5.32,0.08886013926903738,0.12302466181563049,106.72265552881392
5.33,-0.016799429314544378,0.0490013483502935,105.46634996750362
5.34,0.09703880880374977,0.1282375712145979,104.2656399811253
5.35,-0.011494346373109312,0.050669479357963065,103.14369039256731
5.36,0.09814403441654874,0.12719498933480441,102.38079555877839
5.37,-0.015031068334066023,0.037324431296606536,101.72986403561637
5.38,0.09924926002934771,0.12948866947035007,101.30363129447116
5.39,-0.002873586593277328,0.0633889782914435,101.0341471882036
5.4,0.10499643321590237,0.1226076290637131,100.7198777576853
5.41,-0.002873586593277328,0.053588708621384804,100.22646703016392
5.42,0.10499643321590237,0.12365021094350657,99.60951058057147
5.43,-0.008620759779831984,0.044413988079202195,99.05973211735515
5.44,0.10035448564214669,0.13115680047801961,98.33004019637283
5.45,-0.0075155341670330115,0.05129502848583915,97.54475270045853
5.46,0.09416522221047244,0.12073098168008484,96.7030974688493
5.47,-0.006189263431674245,0.057759036140558724,95.94020263506037
5.48,0.10035448564214669,0.12427576007138266,95.46918456966438
5.49,-0.01038912076031034,0.05421425774926089,95.15491513914607
5.5,0.10455434297078278,0.12719498933480441,94.91940610644808
5.51,0.0017683609804783557,0.06464007654719568,95.031369417075
5.52,0.09239686122999409,0.1178117524166631,95.2444857876476
5.53,-0.01436793296638664,0.05421425774926089,95.77187158873853
5.54,0.09350208684279306,0.1226076290637131,96.27686472770407
5.55,-0.01436793296638664,0.05421425774926089,96.41122070045637
5.56,0.09814403441654874,0.13178234960589572,96.41122070045637
5.57,-0.01436793296638664,0.04775025009454133,96.40041044977515
5.58,0.088197003901358,0.11447549040132396,96.37801778764977
5.59,-0.006852398799353628,0.060052716276104375,96.28844713914823
5.6,0.09239686122999409,0.12198207993583701,96.153319005633
5.61,-0.008620759779831984,0.05817606889247611,95.91780997293499
5.62,0.09527044782327142,0.1278205384626805,95.53636255604053
5.63,-0.015473158579185613,0.05483980687713698,95.1101298148953
5.64,0.09062850024951573,0.11843730154453919,94.70628973587546
5.65,-0.008620759779831984,0.06109529815589785,94.30244965685561
5.66,0.09416522221047244,0.11551807228111745,93.75267119363932
5.67,-0.016799429314544378,0.05129502848583915,93.24767805467377
5.68,0.09239686122999409,0.12073098168008484,92.67550692933207
5.69,-0.016799429314544378,0.048375799222417415,91.88944727265483
5.7,0.09880716978422813,0.12490130919925875,91.16052751243545
5.71,0.01237852686334849,0.07673402635280004,90.70031969772069
5.72,0.15672099189489427,0.12365021094350657,90.47639307646685
5.73,0.06343995017466102,0.0831980340075196,90.22930163232469
5.74,0.19385657248493976,0.18266034533981748,89.72430849335915
5.75,0.11140674177013642,0.1034241224755131,89.05098430807176
5.76,0.17926759439599332,0.15325953632964137,88.6695368911773
5.77,0.03956707693820321,0.11510103952920005,88.57996624267577
5.78,0.13527961500659422,0.1369952590048631,88.64714422905192
5.79,-0.021441376888300064,0.057133487012682636,88.52359850698083
5.8,0.05636650625274759,0.102798573347637,88.15373350153054
5.81,-0.05504023551738882,0.028775259882300012,87.60395503831423
5.82,0.05282978429179088,0.10175599146784352,87.02020150152838
5.83,-0.053935009904589847,0.044413988079202195,86.67272915820347
5.84,0.05106142331131252,0.0786106737364283,86.61636142250853
5.85,-0.045756340369877455,0.04316288982345002,86.53760102468821
5.86,0.05747173186554656,0.09883676220442178,86.36926997836638
5.87,-0.09394417708791265,0.018349441084365224,86.13376094566837
5.88,0.005968218309114451,0.1330334478616479,85.90983432441455
5.89,0.352788015605432,0.22269548952388704,85.61795755602162
5.9,1.3167657950886957,0.24646635638317838,85.20253506555761
5.91,0.2517703945956059,-0.05525683962905437,84.83267006010732
5.92,-0.12864826132980037,-0.023353834107373923,84.67514926446668
5.93,-0.11715391495669107,0.02001757209203479,84.48442555601946
5.94,0.09129163561719511,0.10404967160338918,84.29370184757222
5.95,0.00994703051519075,0.05588238875693046,84.20413119907069
5.96,0.11273301250549518,0.1125988430176957,84.08058547699962
5.97,0.014588978088946434,0.05817606889247611,83.95703975492853
5.98,0.11317510275061476,0.11968839980029136,83.82268378217623
5.99,0.01237852686334849,0.06693375668274133,83.631960073729
6.0,0.12953244182003956,0.12719498933480441,83.29529798108531
6.01,0.04420902451195889,0.07506589534513047,82.93624322631622
6.02,0.1388163369675509,0.13073976772610224,82.6443664579233
6.03,0.03956707693820321,0.07798512460855221,82.6443664579233
6.04,0.14986859309554065,0.12552685832713484,82.7787224306756
6.05,0.06498726603257958,0.08903649253436308,82.38646476309992
6.06,0.15848935287537264,0.13532712799719354,81.859078962009
6.07,0.079576244121526,0.09883676220442178,81.54480953149069
6.08,0.1967301590782171,0.15617876559306312,81.36566823448761
6.09,0.11737496007925086,0.12302466181563049,81.29771808734853
6.1,0.2442548604285729,0.17994963245235443,81.47763154511453
6.11,0.1642365260619273,0.1520084380738892,82.35248968953037
6.12,0.2763064031997431,0.1907924840022066,84.49600796746361
6.13,0.21352958839276145,0.16014057673627832,88.38924253422854
6.14,0.34239889484512165,0.22332103865176314,93.94339490208654
6.15,0.2763064031997431,0.1955883606492566,99.70989147975422
6.16,0.3916919571759558,0.24187899611208707,104.68106247158931
6.17,0.3209575179568216,0.2064312121991088,108.73104567323192
6.18,0.41070183771609814,0.22665730066710227,111.54711597568961
6.19,0.30172659229411947,0.17703040318893268,112.89376434626438
6.2,0.3284730521238546,0.1955883606492566,113.30918683672839
6.21,0.17418355657711804,0.1265694402069283,112.93854967051514
6.22,0.19451970785261913,0.12490130919925875,112.10847685035007
6.23,0.07559743191544971,0.07735957548067612,110.93015952609714
6.24,0.12245899789812613,0.09466643468524787,109.72944953971883
6.25,0.015252113456625818,0.060052716276104375,108.54032196478468
6.26,0.10212284662262504,0.08841094340648699,107.17128093208453
6.27,0.0013262707353587668,0.04608211908687176,105.89258270864885
6.28,0.09991239539702709,0.08611726327094134,104.59071966232483
6.29,-0.002210451225597945,0.037324431296606536,103.244843452513
6.3,0.10344911735798382,0.08027880474409786,102.11131145251085
6.31,0.017462564682223763,0.06067826540398046,101.35922686940314
6.32,0.10499643321590237,0.07569144447300656,100.88820880400715
6.33,0.02276764762365883,0.053588708621384804,100.45039365141776
6.34,0.10499643321590237,0.07506589534513047,100.09211105741161
6.35,0.024536008604137186,0.053588708621384804,99.75544896476792
6.36,0.10632270395126114,0.0786106737364283,99.228063163677
6.37,0.02674645982973513,0.06297194553952612,98.77866559964345
6.38,0.10919629054453847,0.07610847722492395,98.29683728356623
6.39,0.03315676838396917,0.062346396411650025,97.60112043615347
6.4,0.11494346373109313,0.07569144447300656,96.72549013097468
6.41,0.03249363301628979,0.04024366056002828,95.8954173108096
6.42,0.11383823811829415,0.06693375668274133,95.35644909827452
6.43,0.02917795617789287,0.048375799222417415,94.97500168138006
6.44,0.12201690765300655,0.06818485493849351,94.6391117494993
6.45,0.04244066353148054,0.05192057761371524,94.43680562960792
6.46,0.11604868934389209,0.06109529815589785,94.39202030535715
6.47,0.03028318179069184,0.04024366056002828,94.44761588028913
6.48,0.11671182471157147,0.0686018876904109,94.54876894023484
6.49,0.03028318179069184,0.0490013483502935,94.91940610644808
6.5,0.11428032836341374,0.06589117480294786,95.33405643614914
6.51,0.02630436958461554,0.03565630028893697,95.67071852879283
6.52,0.10565956858358176,0.052963159493508716,95.7155038530436
6.53,0.020999286643180473,0.04212030794365654,95.57033762961008
6.54,0.10809106493173949,0.05650793788480655,95.39042417184407
6.55,0.018567790295022736,0.03628184941681306,95.22209312552222
6.56,0.10212284662262504,0.03565630028893697,95.08773715276992
6.57,0.02917795617789287,0.03982662780811089,94.77346772225161
6.58,0.11560659909877251,0.07277221520958481,94.324842318981
6.59,0.03890394157052383,0.04378843895132611,94.03296555058807
6.6,0.11273301250549518,0.0490013483502935,93.71869612006977
6.61,0.02962004642301246,0.04024366056002828,93.202892730423
6.62,0.09703880880374977,0.04316288982345002,92.54037879581684
6.63,0.030946317158371227,0.044413988079202195,91.901029684099
6.64,0.12665885522676223,0.06067826540398046,91.35125122088269
6.65,0.07316593556729196,0.04775025009454133,90.76749768409684
6.66,0.18280431635695002,0.06818485493849351,90.37524001652115
6.67,0.11140674177013642,0.07735957548067612,90.1057559102536
6.68,0.20490882861292947,0.09133017266990874,89.74670115548453
6.69,0.13351125402611586,0.07506589534513047,89.36525373859007
6.7,0.18634103831790674,0.10509225348318266,88.98380632169561
6.71,0.09991239539702709,0.08778539427861091,88.59077649335698
6.72,0.14168992356082824,0.05546535600501307,88.13134083940515
6.73,0.011715391495669107,0.018974990212241312,87.76070367319191
6.74,0.08421819169528169,0.030443390889969578,87.49121956692437
6.75,-0.0015473158579185613,0.008966204166223917,87.26729294567053
6.76,0.07382907093497135,0.021268670347786966,87.12135456147408
6.77,0.009283895147511368,0.02001757209203479,86.91904844158267
6.78,0.08134460510200436,0.018349441084365224,86.69512182032885
6.79,-0.0075155341670330115,0.006255491278760872,86.16773601923792
6.8,0.07559743191544971,0.010842851549852178,85.61795755602162
6.81,-0.08399714657272189,-0.017515375580530443,85.5391971582013
6.82,0.024536008604137186,0.09466643468524787,85.56158982032669
6.83,0.543107866129415,0.17744743594085008,85.56158982032669
6.84,1.3041662231027873,0.1428337175317066,85.42723384757439
6.85,0.191425076136782,-0.18954138574645443,85.07898934348653
6.86,-0.07405011605753115,-0.07673402635280004,84.73151700016162
6.87,-0.07714474777336827,-0.008966204166223917,84.38327249607376
6.88,0.10809106493173949,0.028775259882300012,84.08058547699962
6.89,0.0599032282137043,0.026898612498671752,83.92383684212193
6.9,0.1388163369675509,0.03857552955235871,83.84507644430161
6.91,0.06454517578745998,0.037324431296606536,83.78870870860668
6.92,0.13351125402611586,0.04503953720707828,83.68755564866099
6.93,0.079576244121526,0.03857552955235871,83.5308070137833
6.94,0.14920545772786126,0.04378843895132611,83.32850089389191
6.95,0.07493429654777033,0.04545656995899567,83.04820653694314
6.96,0.15672099189489427,0.053588708621384804,82.70073419361823
6.97,0.08709177828855902,0.05192057761371524,82.21813371677807
6.98,0.17352042120943867,0.05817606889247611,81.89305403557854
6.99,0.10919629054453847,0.0633889782914435,81.859078962009
7.0,0.1874462639307057,0.062346396411650025,81.90386428625976
7.01,0.13130080280051792,0.0686018876904109,81.79190097563284
7.02,0.21772944572139755,0.08090435387197395,81.57878460506024
7.03,0.1481002321150623,0.07902770648834569,81.44365647154498
7.04,0.2588438385175193,0.102798573347637,81.388060896613
7.05,0.19098298589166243,0.11614362140899354,81.61198751786684
7.06,0.30283181790691843,0.1330334478616479,82.61039138435375
7.07,0.25818070314983993,0.13407602974144137,85.00100110642916
7.08,0.35212488023775257,0.14616997954704572,89.36525373859007
7.09,0.32206274356962056,0.1711919446620892,95.2444857876476
7.1,0.4120281084514569,0.17703040318893268,101.1353002481493
7.11,0.3574299631791876,0.18224331258790008,105.42156464325285
7.12,0.41998573286360946,0.1618087077439479,108.47314397840853
7.13,0.3395253082518443,0.1474210778027979,110.50392678495191
7.14,0.34991442901215464,0.11322439214557178,111.53630572500838
7.15,0.2124243627799625,0.09529198381312395,111.54711597568961
7.16,0.2274554311140285,0.06109529815589785,110.90776686397176
7.17,0.10035448564214669,0.037324431296606536,109.93175565961023
7.18,0.15451054066929634,0.028149710754423924,108.76502074680145
7.19,0.0638820404197806,0.03461371840914349,107.56431076042315
7.2,0.14058469794802927,0.030443390889969578,106.35279052336362
7.21,0.061671589194182655,0.018349441084365224,104.98374949066346
7.22,0.12135377228532716,0.004378843895132611,103.44637741164145
7.23,0.05238769404667129,0.010842851549852178,101.75225669774176
7.24,0.12245899789812613,0.02001757209203479,100.23727728084513
7.25,0.04641947573755684,0.011468400677728266,99.31763381217854
7.26,0.13527961500659422,0.01772389195648914,98.63272721544699
7.27,0.062113679439302245,0.020643121219910878,98.25127979855253
7.28,0.13638484061939318,0.018349441084365224,97.94859277947837
7.29,0.06498726603257958,0.021685703099704357,97.43278938983161
7.3,0.1324060284133169,0.011885433429645657,96.81506077947621
7.31,0.06100845382650327,0.017098342828613052,96.14250875495178
7.32,0.12422735887860449,0.009591753294100005,95.36803150971869
7.33,0.05879800260090533,0.01376208081327392,94.70628973587546
7.34,0.14102678819314887,0.022936801355456532,93.94339490208654
7.35,0.06454517578745998,0.009591753294100005,93.13494258328392
7.36,0.1277640808395612,0.005004393023008698,92.57435386938639
7.37,0.05282978429179088,0.015430211820943484,92.38363016093915
7.38,0.12533258449140347,0.016472793700736964,92.42841548518992
7.39,0.06100845382650327,0.02001757209203479,92.56277145794222
7.4,0.12533258449140347,0.008966204166223917,92.6531142672067
7.41,0.06565040140025896,0.028775259882300012,92.84383797565393
7.42,0.12953244182003956,0.008549171414306526,93.21370298110422
7.43,0.06498726603257958,0.02001757209203479,93.63993572224945
7.44,0.11671182471157147,-0.0014596146317108702,94.08933328628301
7.45,0.04420902451195889,0.004378843895132611,94.49317336530285
7.46,0.12312213326580553,0.006255491278760872,94.78427797293283
7.47,0.06852398799353629,0.03273707102551523,94.94179876857346
7.48,0.1328481186584365,0.011468400677728266,94.94179876857346
7.49,0.05349291965947026,0.026898612498671752,94.795860384377
7.5,0.1328481186584365,0.024187899611208707,94.36962764323177
7.51,0.0877549136562384,0.031068940017845666,93.73027853151393
7.52,0.1805938651313521,0.037949980424482624,93.1573352454093
7.53,0.14677396137970353,0.06297194553952612,92.64153185576254
7.54,0.2274554311140285,0.07047853507403916,92.11414605467161
7.55,0.1867831285630263,0.06464007654719568,91.58676025358068
7.56,0.20888764081900577,0.04962689747816959,91.17133776311668
7.57,0.12599571985908284,0.06985298594616307,90.74510502197145
7.58,0.17772027853807476,0.04212030794365654,90.28566936801963
7.59,0.07139757458681362,0.0392010786802348,89.76909381760991
7.6,0.09703880880374977,-0.007715105910471742,89.19692269226823
7.61,0.04641947573755684,0.021685703099704357,88.69192955330269
7.62,0.08200774046968375,-0.005421425774926089,88.34445720997778
7.63,0.02962004642301246,0.011885433429645657,88.04099803014068
7.64,0.072060709954493,-0.016472793700736964,87.82788165956806
7.65,0.02033615127550109,0.0004170327519173915,87.67113302469038
7.66,0.08488132706296107,0.0014596146317108702,87.413231329867
7.67,-0.029399001300452664,-0.004795876647050002,87.04259416365376
7.68,-0.011494346373109312,0.025856030618878274,86.6611467467593
7.69,0.359198324159666,0.13991448826828484,86.32448465411561
7.7,1.4792339601701445,0.11843730154453919,86.04419029716685
7.71,0.5820118076999389,-0.08528319776710656,85.80868126446885
7.72,-0.005747173186554656,-0.14387629941150007,85.65116046882822
7.73,-0.09504940270071162,-0.029192292634217402,85.56158982032669
7.74,0.08886013926903738,-0.006672524030678264,85.4380440982556
7.75,0.06034531845882389,0.021268670347786966,85.24732038980838
7.76,0.1317428930456375,0.021685703099704357,84.98941869498499
7.77,0.07272384532217238,0.024604932363126098,84.79869498653777
7.78,0.12201690765300655,0.02356235048333262,84.57399620452098
7.79,0.07272384532217238,0.037324431296606536,84.30528425901639
7.8,0.14456351015410557,0.031068940017845666,84.06900306555545
7.81,0.08664968804343944,0.04962689747816959,83.99101482849808
7.82,0.14279514917362723,0.025856030618878274,83.85588669498283
7.83,0.09239686122999409,0.0640145274193196,83.57559233803407
7.84,0.14986859309554065,0.04212030794365654,83.27290531895993
7.85,0.10101762100982607,0.05421425774926089,82.79030484211977
7.86,0.17816236878319433,0.07965325561622177,82.28531170315422
7.87,0.12489049424628387,0.0733977643374609,82.13937331895777
7.88,0.1920882115044614,0.07569144447300656,82.13937331895777
7.89,0.13638484061939318,0.07277221520958481,82.18415864320853
7.9,0.21529794937323982,0.08194693575176742,82.07219533258161
7.91,0.19385657248493976,0.13595267712506962,81.92625694838515
7.92,0.263485786091275,0.1173947196647457,82.44283249879486
7.93,0.2356341006487409,0.15388508545751745,84.23733411187729
7.94,0.3149892996477071,0.14387629941150007,87.91822446883255
7.95,0.29354792275940705,0.18683067285899138,92.95580128628085
7.96,0.3620719107529433,0.1565957983449805,98.53234631626424
7.97,0.3196312472214628,0.19266913138583486,103.43556716096023
7.98,0.3846185132540424,0.16827271539866748,107.22764866777945
7.99,0.2913374715338091,0.15951502760840225,109.78581727541376
8.0,0.28492716297957504,0.09591753294100004,111.43515266506269
8.01,0.175288782189917,0.09237275454970222,111.95172821547239
8.02,0.16534175167472626,0.046707668214747845,111.59267346070331
8.03,0.06454517578745998,0.05588238875693046,110.54871210920268
8.04,0.08664968804343944,0.008549171414306526,109.22522856151623
8.05,0.00884180490239178,0.03690739854468915,108.06930389938869
8.06,0.062113679439302245,0.01376208081327392,106.96974697295607
8.07,-0.005747173186554656,0.03461371840914349,105.71266925088283
8.08,0.054156055027149645,0.008549171414306526,104.37760329175222
8.09,-0.009062850024951573,0.02752416162654784,103.0425373326216
8.1,0.04818783671803519,0.016055760948819574,101.66268604924024
8.11,0.002431496348157739,0.03461371840914349,100.40560832716699
8.12,0.044872159879638274,0.006255491278760872,99.27284848792777
8.13,-0.006189263431674245,0.03982662780811089,98.3748255206236
8.14,0.04951410745339396,0.02001757209203479,97.72466615822455
8.15,-0.006852398799353628,0.04086920968790437,97.44359964051284
8.16,0.04641947573755684,0.016472793700736964,97.33163632988592
8.17,-0.0075155341670330115,0.03628184941681306,96.97258157511685
8.18,0.04354588914427951,0.011885433429645657,96.17571166775838
8.19,-0.006189263431674245,0.04545656995899567,95.25606819909177
8.2,0.04420902451195889,0.022311252227580444,94.30244965685561
8.21,-0.022546602501099036,0.033362620153391316,93.37122377674486
8.22,0.0320515427711702,0.011468400677728266,92.60755678219299
8.23,-0.02188346713341965,0.04086920968790437,91.9797900819193
8.24,0.03315676838396917,0.013136531685397832,91.74428104922131
8.25,-0.03647244522236609,0.037949980424482624,91.81145903559747
8.26,0.017462564682223763,0.006672524030678264,92.20371670317314
8.27,-0.03072527203581143,0.04503953720707828,92.78747023995899
8.28,0.008178669534712395,0.013136531685397832,93.22528539254839
8.29,-0.04509320500219807,0.0490013483502935,93.65151813369361
8.3,0.007073443921913423,0.016472793700736964,93.8082667685713
8.31,-0.045756340369877455,0.04545656995899567,93.89783741707284
8.32,0.00641030855423404,0.014804662693067398,93.97659781489314
8.33,-0.053935009904589847,0.025230481491002186,94.10014353696423
8.34,0.005305082941435067,0.01417911356519131,94.17890393478454
8.35,-0.05039828794363314,0.04545656995899567,94.16732152334038
8.36,0.004641947573755684,0.012510982557521744,93.90941982851699
8.37,-0.0479667915954754,0.04545656995899567,93.438401763121
8.38,0.011715391495669107,0.018974990212241312,92.91101596203008
8.39,-0.02077824152062068,0.07506589534513047,92.40602282306453
8.4,0.06454517578745998,0.04024366056002828,91.71030597565176
8.41,0.0360303549772465,0.09007907441415657,91.00377887755778
8.42,0.09527044782327142,0.07965325561622177,90.42002534077191
8.43,0.07780788314104765,0.10404967160338918,89.98221018818253
8.44,0.07493429654777033,0.06297194553952612,89.64554809553883
8.45,0.008178669534712395,0.11322439214557178,89.20850510371238
8.46,0.05106142331131252,0.062346396411650025,88.71432221542807
8.47,-0.05968218309114451,0.0490013483502935,88.22091148790669
8.48,-0.03647244522236609,0.010842851549852178,87.7498934225107
8.49,-0.08510237218552087,0.04503953720707828,87.48040931624315
8.5,-0.03868289644796403,0.0010425818797934786,87.21092520997561
8.51,-0.0961546283135106,0.04253734069557393,86.95302351515222
8.52,-0.057913822110666154,-0.006046974902802177,86.67272915820347
8.53,-0.10145971125494566,0.02752416162654784,86.43644796474253
8.54,-0.04862992696315478,0.003336262015339132,86.23491400561407
8.55,-0.18656208344046654,0.008966204166223917,85.89825191297038
8.56,-0.08510237218552087,0.06985298594616307,85.47201917182515
8.57,0.4756891037486777,0.20705676132698486,85.1237746677373
8.58,1.1892227593716942,0.15325953632964137,84.86587297291392
8.59,0.06741876238073731,-0.12177356355987831,84.70912433803623
8.6,-0.23762350675177904,-0.08882797615840439,84.56318595383976
8.61,-0.19297239199470057,0.016472793700736964,84.42805782032453
8.62,-0.019009880540142323,0.014804662693067398,84.26049893476562
8.63,-0.05548232576250841,0.05483980687713698,83.97943241705391
8.64,-0.01790465492734335,0.011468400677728266,83.56478208735285
8.65,-0.049293062330834164,0.07152111695383263,83.02581387481776
8.66,-0.009725985392630957,0.015430211820943484,82.73393710642483
8.67,-0.049735152575953755,0.06526562567507177,82.76791217999438
8.68,0.007073443921913423,0.03169448914572175,82.86906523994008
8.69,-0.03116736228093102,0.07965325561622177,82.745519517869
8.7,0.01635733906942479,0.037949980424482624,82.47603541160146
8.71,-0.02829377568765369,0.08257248487964351,82.13937331895777
8.72,0.015252113456625818,0.03565630028893697,81.80271122631406
8.73,-0.013704797598707257,0.09174720542182613,81.48844179579575
8.74,0.03713558059004547,0.05254612674159133,81.16336211459623
8.75,0.00641030855423404,0.0831980340075196,80.79272494838298
8.76,0.058134867233225945,0.07047853507403916,80.60200123993576
8.77,0.02962004642301246,0.11551807228111745,80.98422081759315
8.78,0.08996536488183635,0.07610847722492395,81.47763154511453
8.79,0.08355505632760231,0.14450184853937614,81.98262468408008
8.8,0.1439003747864262,0.10696890086681092,83.60956741160362
8.81,0.13638484061939318,0.17807298506872615,87.28968560779592
8.82,0.20535091885804907,0.13407602974144137,92.6863171800133
8.83,0.21706631035371818,0.21393780173362184,98.35243285849822
8.84,0.2606121994979977,0.14867217605855007,103.3791994252653
8.85,0.23784455187433884,0.20413753206356314,107.19444575497285
8.86,0.27343281660646573,0.1572213474728566,109.96573073317977
8.87,0.191425076136782,0.1711919446620892,111.43515266506269
8.88,0.1642365260619273,0.09821121307654569,112.13086951247546
8.89,0.05526128063994862,0.1178117524166631,112.07450177678052
8.9,0.04023021230588259,0.03690739854468915,111.28921428086622
8.91,-0.05039828794363314,0.07047853507403916,110.01051605743054
8.92,-0.04111439279612177,0.011468400677728266,108.62989261328622
8.93,-0.09681776368118998,0.062346396411650025,107.45234744979624
8.94,-0.0636609952972208,0.01376208081327392,106.22924480129254
8.95,-0.1036701624805436,0.06109529815589785,104.87178618003654
8.96,-0.07007130385145485,0.003336262015339132,103.67107619365822
8.97,-0.10720688444150031,0.05650793788480655,102.63869725360176
8.98,-0.06321890505210122,0.007923622286430438,101.5731154007387
8.99,-0.10433329784822298,0.05817606889247611,100.59633203561422
9.0,-0.07294489044473218,0.006255491278760872,99.87822252607606
9.01,-0.09969135027446731,0.057759036140558724,99.45198978493083
9.02,-0.06255576968442184,0.010217302421976092,99.05973211735515
9.03,-0.10190180150006525,0.060052716276104375,98.77866559964345
9.04,-0.06432413066490018,0.014804662693067398,98.48756099201347
9.05,-0.09549149294583122,0.06526562567507177,98.20649447430176
9.06,-0.06255576968442184,0.004378843895132611,97.66829842252962
9.07,-0.08333401120504251,0.06755930581061742,96.87142851517115
9.08,-0.06255576968442184,0.016055760948819574,95.95178504650454
9.09,-0.09504940270071162,0.06693375668274133,94.67231466230592
9.1,-0.06432413066490018,0.008966204166223917,93.8082667685713
9.11,-0.09902821490678793,0.05025244660604567,93.62912547156823
9.12,-0.06896607823865587,0.010842851549852178,93.58434014731746
9.13,-0.09504940270071162,0.06693375668274133,93.71869612006977
9.14,-0.07581847703800951,-0.0014596146317108702,93.65151813369361
9.15,-0.10256493686774464,0.0588016180203522,93.44921201380222
9.16,-0.07758683801848786,0.0004170327519173915,93.41600910099562
9.17,-0.10941733566709826,0.05650793788480655,93.61754306012406
9.18,-0.08112355997944456,-0.007715105910471742,93.84224184214085
9.19,-0.11538555397621271,0.06172084728377394,94.21210684759114
9.2,-0.08399714657272189,-0.01125988430176957,94.42522321816375
9.21,-0.10787001980917969,0.04962689747816959,94.57116160236022
9.22,-0.08112355997944456,-0.0041703275191739145,94.6391117494993
9.23,-0.1036701624805436,0.0588016180203522,94.62752933805515
9.24,-0.07714474777336827,-0.0041703275191739145,94.44761588028913
9.25,-0.11251196738293538,0.04962689747816959,94.05535821271346
9.26,-0.08289192095992293,-0.010634335173893483,93.438401763121
9.27,-0.09725985392630956,0.06067826540398046,92.95580128628085
9.28,-0.07869206363128683,-0.005421425774926089,92.551961207261
9.29,-0.10720688444150031,0.057759036140558724,92.09175339254622
9.3,-0.08687073316599922,-0.017515375580530443,91.62073532715023
9.31,-0.10322807223542402,0.06464007654719568,91.18292017456083
9.32,-0.07117652946425382,0.006255491278760872,90.63314171134454
9.33,-0.04862992696315478,0.0786106737364283,89.9713999375013
9.34,0.002431496348157739,0.015430211820943484,89.38764640071545
9.35,-0.01038912076031034,0.11218181026577831,88.83786793749914
9.36,0.01635733906942479,0.033988169281267404,88.36684987210316
9.37,-0.01083121100542993,0.0975856639486696,87.89583180670716
9.38,-0.034040948874208346,0.04503953720707828,87.56997996474469
9.39,-0.04862992696315478,0.10509225348318266,87.08737948790453
9.4,-0.06940816848377546,-0.00938323691814131,86.86345286665069
9.41,-0.13395334427123545,0.05254612674159133,86.90823819090146
9.42,-0.11936436618228902,-0.020434604843952184,86.90823819090146
9.43,-0.14146887843826847,0.03565630028893697,86.63875408463392
9.44,-0.12687990034932203,-0.03315410377743262,86.0889756214176
9.45,-0.14257410405106744,0.04775025009454133,85.47201917182515
9.46,-0.1275430357170014,-0.02981784176209349,85.25890280125253
9.47,-0.14036365282546948,0.0392010786802348,85.37086611187945
9.48,-0.15428949554673654,-0.052337610365632635,85.4380440982556
9.49,-0.23010797258474605,0.019392022964158703,85.1917248148764
9.5,0.10278598199030442,0.102798573347637,84.8882656350393
9.51,1.1735285556699488,0.19892462266459573,84.71993458871745
9.52,0.5464235429678119,-0.04775025009454133,84.54079329171438
9.53,-0.281832531263738,-0.10967961375427396,84.29370184757222
9.54,-0.22546602501099036,-0.08007028836813916,83.95703975492853
9.55,-0.12400631375604469,0.05192057761371524,83.6651629865356
9.56,-0.07758683801848786,-0.026273063370795664,83.4296539538376
9.57,-0.09084954537207553,0.05254612674159133,83.57559233803407
9.58,-0.07073443921913423,-0.016472793700736964,83.72153072223053
9.59,-0.07935519899896622,0.06109529815589785,83.32850089389191
9.6,-0.0636609952972208,-0.01814092470840653,82.79030484211977
9.61,-0.07073443921913423,0.06755930581061742,82.44283249879486
9.62,-0.05084037818875273,-0.007715105910471742,82.25133662958467
9.63,-0.05680859649786718,0.06922743681828698,82.11698065683238
9.64,-0.0439879793893991,-0.006046974902802177,81.9602320219547
9.65,-0.04288275377660013,0.08132138662389134,81.80271122631406
9.66,-0.026083324462055746,0.005629942150884785,81.60117726718562
9.67,-0.020115106152941296,0.08194693575176742,81.39887114729422
9.68,-0.005747173186554656,0.005629942150884785,81.25293276309776
9.69,-0.00442090245119589,0.0975856639486696,81.07379146609469
9.7,0.024978098849256773,0.025230481491002186,80.8714853462033
9.71,0.03846185132540424,0.11843730154453919,80.95024574402362
9.72,0.06343995017466102,0.04733321734262393,81.46604913367037
9.73,0.07670265752824867,0.13866339001253267,83.04820653694314
9.74,0.11317510275061476,0.06985298594616307,86.50439811188161
9.75,0.1399215625803499,0.16764716627079138,91.67633090208221
9.76,0.1799307297636727,0.10509225348318266,97.86983238165806
9.77,0.19916165542637482,0.1972564916569262,103.53594806014299
9.78,0.22060303231467487,0.10988813013023266,107.97973325088715
9.79,0.22458184452075117,0.18849880386666096,110.95255218822253
9.8,0.20424569324525008,0.0975856639486696,112.79261128631867
9.81,0.15097381870833962,0.1526339872017653,113.5555061201076
9.82,0.08886013926903738,0.0392010786802348,113.286794174603
9.83,0.018567790295022736,0.0975856639486696,112.4335565315496
9.84,-0.026525414707175336,-0.003127745639380436,111.11007298386315
9.85,-0.07405011605753115,0.062346396411650025,109.78581727541376
9.86,-0.08930222951415696,-0.02794119437846523,108.58510728903545
9.87,-0.10322807223542402,0.05546535600501307,107.35119438985053
9.88,-0.10610165882870135,-0.03544778391297828,106.08330641709607
9.89,-0.11825914056949004,0.05129502848583915,104.41157836532177
9.9,-0.11538555397621271,-0.030234874514010884,102.93057402199469
9.91,-0.10941733566709826,0.05421425774926089,101.93217015550778
9.92,-0.10941733566709826,-0.0344052020331848,101.07893251245437
9.93,-0.10543852346102196,0.06526562567507177,100.6187246977396
9.94,-0.10543852346102196,-0.03211152189763915,100.2488596922893
9.95,-0.10941733566709826,0.06172084728377394,99.7778416268933
9.96,-0.10256493686774464,-0.025647514242919577,99.20567050155162
9.97,-0.09504940270071162,0.06297194553952612,98.75627293751806
9.98,-0.09792298929398895,-0.01814092470840653,98.33004019637283
9.99,-0.10256493686774464,0.06109529815589785,98.1285062372444
